﻿<?xml version="1.0" encoding="utf-8"?>
<Config xmlns="http://indigox.net/ContentType">
  <ContentType Name="文档" Table="Document">
    <Fields>
      <Field Title="标题" Name="DispTitle">
        <ComputeField Expression="${Title}" />
      </Field>
      <Field Title="评分" Name="AvgScore" LanguageType="System.Double">
        <Column FullDataType="float" DataType="float" />
        <Control Type="textbox">
          <Config />
        </Control>
      </Field>
      <Field Title="评论数" Name="PostCount" LanguageType="System.Int32">
        <Column FullDataType="int" DataType="int" />
        <Control Type="textbox">
          <Config />
        </Control>
      </Field>
      <Field Title="正文" Name="Content" LanguageType="System.String">
        <Column FullDataType="text" DataType="text" />
        <Control Type="richtextbox">
          <Config><![CDATA[{"mode":"simplehtml", "height":"360px"}]]></Config>
        </Control>
      </Field>
      <Field Title="附件" Name="Attachments" LanguageType="System.Guid">
        <Column FullDataType="uniqueidentifier" DataType="uniqueidentifier" />
        <Control Type="fileuploadlist">
          <Config><![CDATA[{"multi":true}]]></Config>
        </Control>
      </Field>
      <Field Title="可访问者" Name="DocTarget" LanguageType="System.String">
        <Column FullDataType="varchar(max)" DataType="varchar" MaxLength="-1" />
        <Control Type="userselect">
          <Config><![CDATA[{"mode":"12345","multi":true}]]></Config>
        </Control>
      </Field>
      <Field Title="流程编号" Name="SerialNumber" LanguageType="System.String">
        <Column FullDataType="varchar(254)" DataType="varchar" MaxLength="254" IsNullable="false" />
        <Control Type="textbox">
          <Config />
        </Control>
      </Field>
      <Field Title="摘要" Name="Summary" LanguageType="System.String">
        <Column FullDataType="nvarchar(4000)" DataType="nvarchar" MaxLength="4000" />
        <Control Type="richtextbox">
          <Config><![CDATA[{"mode":"plaintext"}]]></Config>
        </Control>
      </Field>
      <Field Title="发布时间" Name="PublishTime" LanguageType="System.DateTime">
        <Column FullDataType="datetime" DataType="datetime" />
        <Control Type="datepicker">
          <Config />
        </Control>
      </Field>
      <Field Title="发布人" Name="PublishUser" LanguageType="System.String">
        <Column FullDataType="varchar(50)" DataType="varchar" MaxLength="50" />
        <Control Type="userselect">
          <Config><![CDATA[{"mode":"2","multi":false}]]></Config>
        </Control>
      </Field>
      <Field Title="部门" Name="PublishOrg" LanguageType="System.String">
        <Column FullDataType="varchar(50)" DataType="varchar" MaxLength="50" />
        <Control Type="userselect">
          <Config><![CDATA[{"mode":"1","multi":false}]]></Config>
        </Control>
      </Field>
      <!-- 以下字段为基础字段，必须保留 -->
      <Field Title="对象编号" Name="ObjID" LanguageType="System.Int32">
        <Column FullDataType="int" DataType="int" IsNullable="false" IsPrimaryKey="true" />
        <Control Type="textbox">
          <Config />
        </Control>
      </Field>
      <Field Title="对象GUID" Name="ObjGUID" LanguageType="System.Guid">
        <Column FullDataType="uniqueidentifier" DataType="uniqueidentifier" IsNullable="false" />
        <Control Type="textbox">
          <Config />
        </Control>
      </Field>
      <Field Title="对象名称" Name="Name" LanguageType="System.String">
        <Column FullDataType="varchar(254)" DataType="varchar" MaxLength="254" IsNullable="false" />
        <Control Type="textbox">
          <Config />
        </Control>
      </Field>
      <Field Title="标题" Name="Title" LanguageType="System.String">
        <Column FullDataType="varchar(254)" DataType="varchar" MaxLength="254" IsNullable="false" />
        <Control Type="textbox">
          <Config><![CDATA[{"validateRules" : [["notblank", "", "标题不允许为空"]]}]]></Config>
        </Control>
      </Field>
      <Field Title="表单摘要" Name="SummaryInfo">
        <ComputeField Expression="创建时间：${CreateTime}&#xD;&#xA;创建人：${user::GetUserNameByID(CreateUser)}" />
      </Field>
      <Field Title="创建时间" Name="CreateTime" LanguageType="System.DateTime">
        <Column FullDataType="datetime" DataType="datetime" />
        <Control Type="datepicker">
          <Config />
        </Control>
      </Field>
      <Field Title="创建人" Name="CreateUser" LanguageType="System.String">
        <Column FullDataType="varchar(50)" DataType="varchar" MaxLength="50" />
        <Control Type="userselect">
          <Config><![CDATA[{"mode":"2","multi":false}]]></Config>
        </Control>
      </Field>
      <Field Title="最后修改时间" Name="LastModifyTime" LanguageType="System.DateTime">
        <Column FullDataType="datetime" DataType="datetime" />
        <Control Type="datepicker">
          <Config />
        </Control>
      </Field>
      <Field Title="最后修改人" Name="LastModifyUser" LanguageType="System.String">
        <Column FullDataType="varchar(50)" DataType="varchar" MaxLength="50" />
        <Control Type="userselect">
          <Config><![CDATA[{"mode":"2","multi":false}]]></Config>
        </Control>
      </Field>
      <Field Title="修改标志" Name="Sign" LanguageType="System.String">
        <Column FullDataType="varchar(36)" DataType="varchar" MaxLength="36" />
        <Control Type="textbox">
          <Config />
        </Control>
      </Field>
      <Field Title="父对象编号" Name="ParentObjID" LanguageType="System.Int32">
        <Column FullDataType="int" DataType="int" />
        <Control Type="textbox">
          <Config />
        </Control>
      </Field>
      <Field Title="对象完整路径" Name="FullPath" LanguageType="System.String">
        <Column FullDataType="varchar(900)" DataType="varchar" MaxLength="900" />
        <Control Type="textbox">
          <Config />
        </Control>
      </Field>
      <Field Title="排序值" Name="OrderNum" LanguageType="System.Int32">
        <Column FullDataType="int" DataType="int" />
        <Control Type="textbox">
          <Config />
        </Control>
      </Field>
      <Field Title="完整排序路径" Name="FullOrderPath" LanguageType="System.String">
        <Column FullDataType="varchar(900)" DataType="varchar" MaxLength="900" />
        <Control Type="textbox">
          <Config />
        </Control>
      </Field>
      <Field Title="是否继承权限" Name="InheritePermission" LanguageType="System.Boolean">
        <Column FullDataType="bit" DataType="bit" IsNullable="false" />
        <Control Type="checkbox">
          <Config />
        </Control>
      </Field>
      <Field Title="状态" Name="WorkflowState" LanguageType="System.Int32">
        <Column FullDataType="int" DataType="int" IsNullable="false" />
        <Control Type="radioboxlist">
          <Config>
            <![CDATA[
              {"items":[
                {"value":0,"text":"草稿"},
                {"value":1,"text":"审批中"},
                {"value":2,"text":"已审批"}
              ]}
            ]]>
          </Config>
        </Control>
      </Field>
      <Field Title="内容类型" Name="TableName" LanguageType="System.String">
        <Column FullDataType="varchar(50)" DataType="varchar" MaxLength="50" />
        <Control Type="textbox">
          <Config />
        </Control>
      </Field>
      <Field Title="版本" Name="Version" LanguageType="System.String">
        <Column FullDataType="varchar(50)" DataType="varchar" MaxLength="50" />
        <Control Type="textbox">
          <Config />
        </Control>
      </Field>
      <Field Title="流程定义编号" Name="ProcessDefinitionID" LanguageType="System.Guid">
        <Column FullDataType="uniqueidentifier" DataType="uniqueidentifier" />
        <Control Type="textbox">
          <Config />
        </Control>
      </Field>
      <Field Title="流程实例编号" Name="ProcessInstanceID" LanguageType="System.Guid">
        <Column FullDataType="uniqueidentifier" DataType="uniqueidentifier" />
        <Control Type="textbox">
          <Config />
        </Control>
      </Field>
      <Field Title="阅读人" Name="DocReadUsers" LanguageType="System.String">
        <Column FullDataType="varchar(max)" DataType="varchar" MaxLength="-1" IsNullable="false" />
        <Control Type="userselect">
          <Config><![CDATA[{"mode":"2","multi":true}]]></Config>
        </Control>
      </Field>
      <Field Title="访问次数" Name="ReadCount" LanguageType="System.Int32">
        <Column FullDataType="int" DataType="int" IsNullable="false" />
        <Control Type="textbox">
          <Config />
        </Control>
      </Field>
    </Fields>
    <ListViews>
      <View Title="内容管理系统" ViewName="CMS" Enabled="true" OrderBy="CreateTime DESC">
        <FieldSet>
          <FieldRef Name="Title" Display="true" ReadOnly="true" />
          <FieldRef Name="DispTitle" Display="true" ReadOnly="true" />
          <FieldRef Name="LastModifyTime" Display="true" ReadOnly="true" />
          <FieldRef Name="CreateUser" Display="true" ReadOnly="true" />
          <FieldRef Name="CreateTime" Display="true" ReadOnly="true" />
          <FieldRef Name="PublishUser" Display="true" ReadOnly="true" />
          <FieldRef Name="PublishTime" Display="true" ReadOnly="true" />
          <FieldRef Name="ReadCount" Display="true" ReadOnly="true" />
          <FieldRef Name="ProcessDefinitionID" Display="false" ReadOnly="true" />
          <FieldRef Name="ProcessInstanceID" Display="false" ReadOnly="true" />
          <FieldRef Name="WorkflowState" Display="false" ReadOnly="true" />
        </FieldSet>
      </View>
    </ListViews>
    <FormViews>
      <FormView Title="默认视图" ViewName="CMS">
        <FieldSet>
          <FieldContainer Text="流程编号" Required="true">
            <TextBox Name="SerialNumber" Readonly="true" />
          </FieldContainer>
        </FieldSet>
        <FieldSet RowFields="2">
          <FieldContainer Text="发布人">
            <UserSelect Name="PublishUser" Readonly="true" Mode="2" Multi="false" />
          </FieldContainer>
          <FieldContainer Text="部门">
            <UserSelect Name="PublishOrg" Readonly="true" Mode="1" Multi="false" />
          </FieldContainer>
        </FieldSet>
        <FieldSet>
          <FieldContainer Text="标题" Required="true">
            <TextBox Name="Title" Readonly="false">
              <ValidateRules>
                <ValidateRule Type="notblank" ErrorMessage="标题不允许为空" />
              </ValidateRules>
            </TextBox>
          </FieldContainer>
        </FieldSet>
        <FieldSet>
          <FieldContainer Text="正文">
            <RichTextBox Name="Content" Readonly="false" Mode="simplehtml" />
          </FieldContainer>
        </FieldSet>
        <FieldSet>
          <FieldContainer Text="摘要">
            <RichTextBox Name="Summary" Readonly="false" Mode="plaintext" />
          </FieldContainer>
        </FieldSet>
        <FieldSet>
          <FieldContainer Text="附件">
            <FileUploadList Name="Attachments" Multi="true" Readonly="false" />
          </FieldContainer>
        </FieldSet>
      </FormView>
      <FormView Title="只读视图" ViewName="ReadOnly">
        <FieldSet>
          <FieldContainer Text="流程编号" Required="true">
            <TextBox Name="SerialNumber" Readonly="true" />
          </FieldContainer>
        </FieldSet>
        <FieldSet RowFields="2">
          <FieldContainer Text="发布人">
            <UserSelect Name="PublishUser" Readonly="true" Mode="2" Multi="false" />
          </FieldContainer>
          <FieldContainer Text="部门">
            <UserSelect Name="PublishOrg" Readonly="true" Mode="1" Multi="false" />
          </FieldContainer>
        </FieldSet>
        <FieldSet>
          <FieldContainer Text="标题" Required="true">
            <TextBox Name="Title" Readonly="true" />
          </FieldContainer>
        </FieldSet>
        <FieldSet>
          <FieldContainer Text="正文">
            <RichTextView Name="Content" Readonly="true" />
          </FieldContainer>
        </FieldSet>
        <FieldSet>
          <FieldContainer Text="摘要">
            <Literal Name="Summary" Readonly="true" Mode="1" />
          </FieldContainer>
        </FieldSet>
        <FieldSet>
          <FieldContainer Text="附件">
            <FileUploadList Name="Attachments" Multi="true" Readonly="true" />
          </FieldContainer>
        </FieldSet>
      </FormView>
    </FormViews>
  </ContentType>
</Config>