﻿<?xml version="1.0" encoding="utf-8"?>
<Config xmlns="http://indigox.net/ContentType">
  <ContentType Name="文件夹" Table="Folder" IsFolder="true">
    <Fields>
      <Field Title="文件夹名称" Name="Name" LanguageType="System.String">
        <Column FullDataType="varchar(254)" DataType="varchar" MaxLength="254" IsNullable="false" />
        <Control Type="textbox">
          <Config />
        </Control>
      </Field>
      <Field Title="文件夹标题" Name="Title" LanguageType="System.String">
        <Column FullDataType="varchar(254)" DataType="varchar" MaxLength="254" IsNullable="false" />
        <Control Type="textbox">
          <Config><![CDATA[{"validateRules": [["notblank", "", "请填写文件夹名称！"]]}]]></Config>
        </Control>
      </Field>
      <Field Title="标题" Name="DispTitle">
        <ComputeField Expression="${Title}" />
      </Field>
      <Field Title="子文件夹数" Name="SubFolderCount" LanguageType="System.Int32">
        <Column FullDataType="int" DataType="int" IsNullable="false" />
        <Control Type="textbox">
          <Config />
        </Control>
      </Field>
      <Field Title="子项目数" Name="SubItemCount" LanguageType="System.Int32">
        <Column FullDataType="int" DataType="int" IsNullable="false" />
        <Control Type="textbox">
          <Config />
        </Control>
      </Field>
      <Field Title="子项目类型" Name="SubItemType" LanguageType="System.String">
        <Column FullDataType="sysname" DataType="sysname" MaxLength="256" />
        <Control Type="textbox">
          <Config />
        </Control>
      </Field>
      <Field Title="允许创建子文件夹" Name="AllowCreateFolder" LanguageType="System.Boolean">
        <Column FullDataType="bit" DataType="bit" IsNullable="false" />
        <Control Type="checkbox">
          <Config />
        </Control>
      </Field>
      <Field Title="对象编号" Name="ObjID" LanguageType="System.Int32">
        <Column FullDataType="int" DataType="int" IsNullable="false" IsPrimaryKey="true" />
        <Control Type="textbox">
          <Config />
        </Control>
      </Field>
      <Field Title="对象GUID" Name="ObjGUID" LanguageType="System.Guid">
        <Column FullDataType="uniqueidentifier" DataType="uniqueidentifier" IsNullable="false" />
        <Control Type="textbox">
          <Config />
        </Control>
      </Field>
      <Field Title="创建时间" Name="CreateTime" LanguageType="System.DateTime">
        <Column FullDataType="datetime" DataType="datetime" />
        <Control Type="datepicker">
          <Config />
        </Control>
      </Field>
      <Field Title="创建人" Name="CreateUser" LanguageType="System.String">
        <Column FullDataType="varchar(50)" DataType="varchar" MaxLength="50" />
        <Control Type="userselect">
          <Config><![CDATA[{"mode":"2","multi":false}]]></Config>
        </Control>
      </Field>
      <Field Title="最后修改时间" Name="LastModifyTime" LanguageType="System.DateTime">
        <Column FullDataType="datetime" DataType="datetime" />
        <Control Type="datepicker">
          <Config />
        </Control>
      </Field>
      <Field Title="最后修改人" Name="LastModifyUser" LanguageType="System.String">
        <Column FullDataType="varchar(50)" DataType="varchar" MaxLength="50" />
        <Control Type="userselect">
          <Config><![CDATA[{"mode":"2","multi":false}]]></Config>
        </Control>
      </Field>
      <Field Title="修改标志" Name="Sign" LanguageType="System.String">
        <Column FullDataType="varchar(36)" DataType="varchar" MaxLength="36" />
        <Control Type="textbox">
          <Config />
        </Control>
      </Field>
      <Field Title="父对象编号" Name="ParentObjID" LanguageType="System.Int32">
        <Column FullDataType="int" DataType="int" />
        <Control Type="textbox">
          <Config />
        </Control>
      </Field>
      <Field Title="对象完整路径" Name="FullPath" LanguageType="System.String">
        <Column FullDataType="varchar(900)" DataType="varchar" MaxLength="900" />
        <Control Type="textbox">
          <Config />
        </Control>
      </Field>
      <Field Title="排序值" Name="OrderNum" LanguageType="System.Int32">
        <Column FullDataType="int" DataType="int" />
        <Control Type="textbox">
          <Config />
        </Control>
      </Field>
      <Field Title="完整排序路径" Name="FullOrderPath" LanguageType="System.String">
        <Column FullDataType="varchar(900)" DataType="varchar" MaxLength="900" />
        <Control Type="textbox">
          <Config />
        </Control>
      </Field>
      <Field Title="是否继承权限" Name="InheritePermission" LanguageType="System.Boolean">
        <Column FullDataType="bit" DataType="bit" IsNullable="false" />
        <Control Type="checkbox">
          <Config />
        </Control>
      </Field>
      <Field Title="内容类型" Name="TableName" LanguageType="System.String">
        <Column FullDataType="varchar(50)" DataType="varchar" MaxLength="50" />
        <Control Type="textbox">
          <Config />
        </Control>
      </Field>
      <Field Title="版本" Name="Version" LanguageType="System.String">
        <Column FullDataType="varchar(50)" DataType="varchar" MaxLength="50" />
        <Control Type="textbox">
          <Config />
        </Control>
      </Field>
      <Field Title="流程定义编号" Name="ProcessDefinitionID" LanguageType="System.Guid">
        <Column FullDataType="uniqueidentifier" DataType="uniqueidentifier" />
        <Control Type="textbox">
          <Config />
        </Control>
      </Field>
    </Fields>
    <ListViews>
      <View Title="默认视图" ViewName="CMS" Enabled="true">
        <FieldSet>
          <FieldRef Name="ObjID" Display="true" ReadOnly="false" />
          <FieldRef Name="TableName" Display="true" ReadOnly="false" />
          <FieldRef Name="Name" Display="true" ReadOnly="false" />
          <FieldRef Name="Title" Display="true" ReadOnly="false" />
          <FieldRef Name="DispTitle" Display="true" ReadOnly="false" />
          <FieldRef Name="SubFolderCount" Display="true" ReadOnly="false" />
          <FieldRef Name="SubItemCount" Display="true" ReadOnly="false" />
          <FieldRef Name="SubItemType" Display="true" ReadOnly="false" />
          <FieldRef Name="AllowCreateFolder" Display="true" ReadOnly="false" />
          <FieldRef Name="ProcessDefinitionID" Display="false" ReadOnly="false" />
          <FieldRef Name="OrderNum" Display="true" ReadOnly="false" />
          <FieldRef Name="CreateUser" Display="true" ReadOnly="false" />
          <FieldRef Name="CreateTime" Display="true" ReadOnly="false" />
          <FieldRef Name="LastModifyTime" Display="true" ReadOnly="false" />
          <FieldRef Name="ReadCount" Display="true" ReadOnly="false" />
        </FieldSet>
      </View>
    </ListViews>
    <FormViews>
      <FormView Title="默认视图" ViewName="CMS">
        <FieldSet>
          <FieldContainer Text="文件夹标题" Required="true">
            <TextBox Name="Title" Readonly="false">
              <ValidateRules>
                <ValidateRule Type="notblank" ErrorMessage="标题不允许为空" />
              </ValidateRules>
            </TextBox>
          </FieldContainer>
        </FieldSet>
        <FieldSet>
          <FieldContainer Text="子项目类型" Required="true">
            <TextBox Name="SubItemType" Readonly="false">
              <ValidateRules>
                <ValidateRule Type="notblank" ErrorMessage="子项目类型不允许为空" />
              </ValidateRules>
            </TextBox>
          </FieldContainer>
        </FieldSet>
        <FieldSet>
          <FieldContainer Text="排序值" Required="true">
            <TextBox Name="OrderNum" Readonly="false">
              <ValidateRules>
                <ValidateRule Type="notblank" ErrorMessage="排序值不允许为空" />
                <ValidateRule Type="number" ErrorMessage="排序值须填入数字" />
              </ValidateRules>
            </TextBox>
          </FieldContainer>
        </FieldSet>
      </FormView>
      <FormView Title="只读视图" ViewName="ReadOnly">
        <FieldSet>
          <FieldContainer Text="文件夹标题" Required="true">
            <TextBox Name="Title" Readonly="true" />
          </FieldContainer>
        </FieldSet>
        <FieldSet>
          <FieldContainer Text="子项目类型">
            <TextBox Name="SubItemType" Readonly="true" />
          </FieldContainer>
        </FieldSet>
        <FieldSet>
          <FieldContainer Text="排序值">
            <TextBox Name="OrderNum" Readonly="true" />
          </FieldContainer>
        </FieldSet>
      </FormView>
    </FormViews>
  </ContentType>
</Config>