﻿<?xml version="1.0" encoding="utf-8"?>
<Config xmlns="http://indigox.net/ContentType">
  <ContentType Name="会议通知" Table="Meeting">
    <Fields>
      <Field Title="可访问者" Name="DocTarget" LanguageType="System.String">
        <Column FullDataType="varchar(max)" DataType="varchar" MaxLength="-1" />
        <Control Type="userselect">
          <Config><![CDATA[{"mode":"12345","multi":true}]]></Config>
        </Control>
      </Field>
      <Field Title="对象名称" Name="Name" LanguageType="System.String">
        <Column FullDataType="varchar(254)" DataType="varchar" MaxLength="254" IsNullable="false" />
        <Control Type="textbox">
          <Config />
        </Control>
      </Field>
      <Field Title="标题" Name="Title" LanguageType="System.String">
        <Column FullDataType="varchar(254)" DataType="varchar" MaxLength="254" IsNullable="false" />
        <Control Type="textbox">
          <Config />
        </Control>
      </Field>
      <Field Title="副标题" Name="SubTitle" LanguageType="System.String">
        <Column FullDataType="varchar(254)" DataType="varchar" MaxLength="254" />
        <Control Type="textbox">
          <Config />
        </Control>
      </Field>
      <Field Title="标题" Name="DispTitle">
        <ComputeField Expression="${Title} ${SubTitle}" />
      </Field>
      <Field Title="表单摘要" Name="SummaryInfo">
        <ComputeField Expression="会议标题：${Title}&#xD;&#xA;开始时间：${BeginDateTime}&#xD;&#xA;会议地点：${Location}&#xD;&#xA;召开者：${user::GetUserNameByID(PublishUser)}" />
      </Field>
      <Field Title="开始时间" Name="BeginDateTime" LanguageType="System.DateTime">
        <Column FullDataType="datetime" DataType="datetime" MaxLength="254" IsNullable="false" />
        <Control Type="datepicker">
          <Config><![CDATA[{"validateRules": [["notblank", "", "请填写会议开始时间！"]]}]]></Config>
        </Control>
      </Field>
      <Field Title="结束时间" Name="EndDateTime" LanguageType="System.DateTime">
        <Column FullDataType="datetime" DataType="datetime" IsNullable="false" />
        <Control Type="datepicker">
          <Config><![CDATA[{"validateRules": [["notblank", "", "请填写会议结束时间！"]]}]]></Config>
        </Control>
      </Field>
      <Field Title="正文" Name="Content" LanguageType="System.String">
        <Column FullDataType="text" DataType="text" />
        <Control Type="richtextbox">
          <Config><![CDATA[{"mode":"simplehtml"}]]></Config>
        </Control>
      </Field>
      <Field Title="会议地点" Name="Location" LanguageType="System.String">
        <Column FullDataType="varchar(254)" DataType="varchar" MaxLength="254" />
        <Control Type="textbox">
          <Config />
        </Control>
      </Field>
      <Field Title="会议议程" Name="Summary" LanguageType="System.String">
        <Column FullDataType="nvarchar(4000)" DataType="nvarchar" MaxLength="4000" />
        <Control Type="richtextbox">
          <Config><![CDATA[{"mode":"plaintext"}]]></Config>
        </Control>
      </Field>
      <Field Title="发布时间" Name="PublishTime" LanguageType="System.DateTime">
        <Column FullDataType="datetime" DataType="datetime" />
        <Control Type="datepicker">
          <Config />
        </Control>
      </Field>
      <Field Title="部门" Name="Department" LanguageType="System.String">
        <Column FullDataType="varchar(50)" DataType="varchar" MaxLength="50" />
        <Control Type="userselect">
          <Config><![CDATA[{"mode":"1","multi":false}]]></Config>
        </Control>
      </Field>
      <Field Title="抄送对象" Name="CarbonCopy" LanguageType="System.String">
        <Column FullDataType="varchar(max)" DataType="varchar" MaxLength="-1" />
        <Control Type="userselect">
          <Config><![CDATA[{"mode":"12345","multi":true}]]></Config>
        </Control>
      </Field>
      <Field Title="与会人员" Name="Attendant" LanguageType="System.String">
        <Column FullDataType="varchar(max)" DataType="varchar" />
        <Control Type="userselect">
          <Config><![CDATA[{"mode":"12345","multi":true}]]></Config>
        </Control>
      </Field>
      <Field Title="召开者" Name="PublishUser" LanguageType="System.String">
        <Column FullDataType="varchar(50)" DataType="varchar" MaxLength="50" IsNullable="false" />
        <Control Type="userselect">
          <Config><![CDATA[{"mode":"2","multi":false,"validateRules": [["notblank", "", "请填写会议召开者！"]]}]]></Config>
        </Control>
      </Field>
      <Field Title="访问次数" Name="ReadCount" LanguageType="System.Int32">
        <Column FullDataType="int" DataType="int" IsNullable="false" />
        <Control Type="textbox">
          <Config />
        </Control>
      </Field>
      <Field Title="阅读人" Name="DocReadUsers" LanguageType="System.String">
        <Column FullDataType="varchar(max)" DataType="varchar" MaxLength="-1" IsNullable="false" />
        <Control Type="userselect">
          <Config><![CDATA[{"mode":"12345","multi":true}]]></Config>
        </Control>
      </Field>
      <Field Title="内容类型" Name="TableName" LanguageType="System.String">
        <Column FullDataType="varchar(50)" DataType="varchar" MaxLength="50" />
        <Control Type="textbox">
          <Config />
        </Control>
      </Field>
      <Field Title="对象编号" Name="ObjID" LanguageType="System.Int32">
        <Column FullDataType="int" DataType="int" IsNullable="false" IsPrimaryKey="true" />
        <Control Type="textbox">
          <Config />
        </Control>
      </Field>
      <Field Title="对象GUID" Name="ObjGUID" LanguageType="System.Guid">
        <Column FullDataType="uniqueidentifier" DataType="uniqueidentifier" IsNullable="false" />
        <Control Type="textbox">
          <Config />
        </Control>
      </Field>
      <Field Title="创建时间" Name="CreateTime" LanguageType="System.DateTime">
        <Column FullDataType="datetime" DataType="datetime" />
        <Control Type="datepicker">
          <Config />
        </Control>
      </Field>
      <Field Title="创建人" Name="CreateUser" LanguageType="System.String">
        <Column FullDataType="varchar(50)" DataType="varchar" MaxLength="50" />
        <Control Type="userselect">
          <Config><![CDATA[{"mode":"2","multi":false}]]></Config>
        </Control>
      </Field>
      <Field Title="最后修改时间" Name="LastModifyTime" LanguageType="System.DateTime">
        <Column FullDataType="datetime" DataType="datetime" />
        <Control Type="datepicker">
          <Config />
        </Control>
      </Field>
      <Field Title="最后修改人" Name="LastModifyUser" LanguageType="System.String">
        <Column FullDataType="varchar(50)" DataType="varchar" MaxLength="50" />
        <Control Type="userselect">
          <Config><![CDATA[{"mode":"2","multi":false}]]></Config>
        </Control>
      </Field>
      <Field Title="修改标志" Name="Sign" LanguageType="System.String">
        <Column FullDataType="varchar(36)" DataType="varchar" MaxLength="36" />
        <Control Type="textbox">
          <Config />
        </Control>
      </Field>
      <Field Title="父对象编号" Name="ParentObjID" LanguageType="System.Int32">
        <Column FullDataType="int" DataType="int" />
        <Control Type="textbox">
          <Config />
        </Control>
      </Field>
      <Field Title="对象完整路径" Name="FullPath" LanguageType="System.String">
        <Column FullDataType="varchar(900)" DataType="varchar" MaxLength="900" />
        <Control Type="textbox">
          <Config />
        </Control>
      </Field>
      <Field Title="排序值" Name="OrderNum" LanguageType="System.Int32">
        <Column FullDataType="int" DataType="int" />
        <Control Type="textbox">
          <Config />
        </Control>
      </Field>
      <Field Title="完整排序路径" Name="FullOrderPath" LanguageType="System.String">
        <Column FullDataType="varchar(900)" DataType="varchar" MaxLength="900" />
        <Control Type="textbox">
          <Config />
        </Control>
      </Field>
      <Field Title="附件" Name="Attachments" LanguageType="System.String">
        <Column FullDataType="varchar(36)" DataType="varchar" MaxLength="36" />
        <Control Type="fileuploadlist">
          <Config><![CDATA[{"multi":true}]]></Config>
        </Control>
      </Field>
      <Field Title="是否继承权限" Name="InheritePermission" LanguageType="System.Boolean">
        <Column FullDataType="bit" DataType="bit" IsNullable="false" />
        <Control Type="checkbox">
          <Config />
        </Control>
      </Field>
      <Field Title="状态" Name="WorkflowState" LanguageType="System.Int32">
        <Column FullDataType="int" DataType="int" IsNullable="false" />
        <Control Type="textbox">
          <Config />
        </Control>
      </Field>
      <Field Title="版本" Name="Version" LanguageType="System.String">
        <Column FullDataType="varchar(50)" DataType="varchar" MaxLength="50" />
        <Control Type="textbox">
          <Config />
        </Control>
      </Field>
      <Field Title="流程定义编号" Name="ProcessDefinitionID" LanguageType="System.Guid">
        <Column FullDataType="uniqueidentifier" DataType="uniqueidentifier" />
        <Control Type="textbox">
          <Config />
        </Control>
      </Field>
      <Field Title="流程实例编号" Name="ProcessInstanceID" LanguageType="System.Guid">
        <Column FullDataType="uniqueidentifier" DataType="uniqueidentifier" />
        <Control Type="textbox">
          <Config />
        </Control>
      </Field>
      <Field Title="序列号" Name="SerialNumber" LanguageType="System.String">
        <Column FullDataType="varchar(50)" DataType="varchar" MaxLength="50" IsNullable="false" />
        <Control Type="textbox">
          <Config />
        </Control>
      </Field>
    </Fields>
    <ListViews>
      <View Title="默认视图" ViewName="Default" Enabled="true" OrderBy="CreateTime DESC">
        <FieldSet>
          <FieldRef Name="Title" Display="true" ReadOnly="false" ColWidth="220" />
          <FieldRef Name="Location" Display="true" ReadOnly="false" />
          <FieldRef Name="BeginDateTime" Display="true" ReadOnly="false" />
          <FieldRef Name="EndDateTime" Display="true" ReadOnly="false" />
          <FieldRef Name="PublishUser" Display="true" ReadOnly="true" />
          <FieldRef Name="PublishTime" Display="true" ReadOnly="false" />
          <FieldRef Name="ProcessDefinitionID" Display="false" ReadOnly="true" />
          <FieldRef Name="ProcessInstanceID" Display="false" ReadOnly="true" />
          <FieldRef Name="CreateTime" Display="true" ReadOnly="false" />
          <FieldRef Name="CreateUser" Display="true" ReadOnly="false" />
          <FieldRef Name="LastModifyTime" Display="true" ReadOnly="false" />
          <FieldRef Name="LastModifyUser" Display="true" ReadOnly="false" />
          <FieldRef Name="ReadCount" Display="true" ReadOnly="true" />
        </FieldSet>
      </View>
      <View Title="内容管理系统" ViewName="CMS" Enabled="true" OrderBy="CreateTime DESC">
        <FieldSet>
          <FieldRef Name="Title" Display="true" ReadOnly="true" />
          <FieldRef Name="DispTitle" Display="true" ReadOnly="true" />
          <FieldRef Name="Location" Display="true" ReadOnly="true" />
          <FieldRef Name="BeginDateTime" Display="true" ReadOnly="true" />
          <FieldRef Name="EndDateTime" Display="true" ReadOnly="true" />
          <FieldRef Name="PublishUser" Display="true" ReadOnly="true" />
          <FieldRef Name="PublishTime" Display="true" ReadOnly="true" />
          <FieldRef Name="CreateTime" Display="true" ReadOnly="true" />
          <FieldRef Name="CreateUser" Display="true" ReadOnly="true" />
          <FieldRef Name="LastModifyTime" Display="true" ReadOnly="true" />
          <FieldRef Name="LastModifyUser" Display="true" ReadOnly="true" />
          <FieldRef Name="ReadCount" Display="true" ReadOnly="true" />
          <FieldRef Name="ProcessDefinitionID" Display="false" ReadOnly="true" />
          <FieldRef Name="ProcessInstanceID" Display="false" ReadOnly="true" />
          <FieldRef Name="WorkflowState" Display="false" ReadOnly="true" />
        </FieldSet>
      </View>
    </ListViews>
    <FormViews>
      <FormView Title="默认视图" ViewName="CMS">
        <FieldSet>
          <FieldContainer Text="序列号" Required="true">
            <TextBox Name="SerialNumber" Readonly="true" />
          </FieldContainer>
        </FieldSet>
        <FieldSet>
          <FieldContainer Text="标题" Required="true">
            <TextBox Name="Title" Readonly="false">
              <ValidateRules>
                <ValidateRule Type="notblank" ErrorMessage="请填写会议标题！" />
              </ValidateRules>
            </TextBox>
          </FieldContainer>
        </FieldSet>
        <FieldSet RowFields="2">
          <FieldContainer Text="开始时间" Required="true">
            <DatePicker Name="BeginDateTime" Readonly="false" EditHMS="true">
              <ValidateRules>
                <ValidateRule Type="notblank" ErrorMessage="请填写会议开始时间！" />
              </ValidateRules>
            </DatePicker>
          </FieldContainer>
          <FieldContainer Text="结束时间" Required="true">
            <DatePicker Name="EndDateTime" Readonly="false" EditHMS="true">
              <ValidateRules>
                <ValidateRule Type="notblank" ErrorMessage="请填写会议结束时间！" />
              </ValidateRules>
            </DatePicker>
          </FieldContainer>
        </FieldSet>
        <FieldSet>
          <FieldContainer Text="会议地点">
            <TextBox Name="Location" Readonly="false" />
          </FieldContainer>
        </FieldSet>
        <FieldSet RowFields="2">
          <FieldContainer Text="召开者" Required="true">
            <UserSelect Name="PublishUser" Readonly="false" Mode="2" Multi="false">
              <ValidateRules>
                <ValidateRule Type="notblank" ErrorMessage="请填写会议召开者！" />
              </ValidateRules>
            </UserSelect>
          </FieldContainer>
          <FieldContainer Text="部门">
            <UserSelect Name="Department" Readonly="false" Mode="1" Multi="false" />
          </FieldContainer>
        </FieldSet>
        <FieldSet>
          <FieldContainer Text="与会人员" Required="true">
            <UserSelect Name="Attendant" Readonly="false" Mode="12345" Multi="true">
              <ValidateRules>
                <ValidateRule Type="notblank" ErrorMessage="请填写与会人员！" />
              </ValidateRules>
            </UserSelect>
          </FieldContainer>
        </FieldSet>
        <FieldSet>
          <FieldContainer Text="抄送对象">
            <UserSelect Name="CarbonCopy" Readonly="false" Mode="12345" Multi="true" />
          </FieldContainer>
        </FieldSet>
        <FieldSet>
          <FieldContainer Text="会议议程">
            <RichTextBox Name="Summary" Readonly="false" Mode="plaintext" />
          </FieldContainer>
        </FieldSet>
        <FieldSet>
          <FieldContainer Text="可访问者">
            <UserSelect Name="DocTarget" Readonly="false" Mode="12345" Multi="true" />
          </FieldContainer>
        </FieldSet>
        <FieldSet>
          <FieldContainer Text="附件">
            <FileUploadList Name="Attachments" Readonly="false" Multi="true" />
          </FieldContainer>
        </FieldSet>
      </FormView>
      <FormView Title="只读视图" ViewName="ReadOnly">
        <FieldSet>
          <FieldContainer Text="序列号" Required="true">
            <TextBox Name="SerialNumber" Readonly="true" />
          </FieldContainer>
        </FieldSet>
        <FieldSet>
          <FieldContainer Text="标题" Required="true">
            <TextBox Name="Title" Readonly="true" />
          </FieldContainer>
        </FieldSet>
        <FieldSet RowFields="2">
          <FieldContainer Text="开始时间" Required="true">
            <DatePicker Name="BeginDateTime" Readonly="true" EditHMS="true" />
          </FieldContainer>
          <FieldContainer Text="结束时间" Required="true">
            <DatePicker Name="EndDateTime" Readonly="true" EditHMS="true" />
          </FieldContainer>
        </FieldSet>
        <FieldSet>
          <FieldContainer Text="会议地点">
            <TextBox Name="Location" Readonly="true" />
          </FieldContainer>
        </FieldSet>
        <FieldSet RowFields="2">
          <FieldContainer Text="召开者" Required="true">
            <UserSelect Name="PublishUser" Readonly="true" Mode="2" Multi="false" />
          </FieldContainer>
          <FieldContainer Text="部门">
            <UserSelect Name="Department" Readonly="true" Mode="1" Multi="false" />
          </FieldContainer>
        </FieldSet>
        <FieldSet>
          <FieldContainer Text="与会人员" Required="true">
            <UserSelect Name="Attendant" Readonly="true" Mode="12345" Multi="true" />
          </FieldContainer>
        </FieldSet>
        <FieldSet>
          <FieldContainer Text="抄送对象">
            <UserSelect Name="CarbonCopy" Readonly="true" Mode="12345" Multi="true" />
          </FieldContainer>
        </FieldSet>
        <FieldSet>
          <FieldContainer Text="会议议程">
            <Literal Name="Summary" Readonly="true" Mode="1" />
          </FieldContainer>
        </FieldSet>
        <FieldSet>
          <FieldContainer Text="可访问者">
            <UserSelect Name="DocTarget" Readonly="true" Mode="12345" Multi="true" />
          </FieldContainer>
        </FieldSet>
        <FieldSet>
          <FieldContainer Text="附件">
            <FileUploadList Name="Attachments" Readonly="true" Multi="true" />
          </FieldContainer>
        </FieldSet>
      </FormView>
    </FormViews>
  </ContentType>
</Config>