﻿<?xml version="1.0" encoding="utf-8"?>
<Config xmlns="http://indigox.net/ContentType">
  <ContentType Name="公告" Table="Notice">
    <Fields>
      <Field Title="序列号" Name="SerialNumber" LanguageType="System.String">
        <Column FullDataType="varchar(254)" DataType="varchar" MaxLength="254" IsNullable="false" />
        <Control Type="textbox">
          <Config />
        </Control>
      </Field>
      <Field Title="对象名称" Name="Name" LanguageType="System.String">
        <Column FullDataType="varchar(254)" DataType="varchar" MaxLength="254" IsNullable="false" />
        <Control Type="textbox">
          <Config />
        </Control>
      </Field>
      <Field Title="标题" Name="Title" LanguageType="System.String">
        <Column FullDataType="varchar(254)" DataType="varchar" MaxLength="254" IsNullable="false" />
        <Control Type="textbox">
          <Config><![CDATA[{"validateRules": [["notblank", "", "请填写公告标题！"]]}]]></Config>
        </Control>
      </Field>
      <Field Title="副标题" Name="SubTitle" LanguageType="System.String">
        <Column FullDataType="varchar(254)" DataType="varchar" MaxLength="254" />
        <Control Type="textbox">
          <Config />
        </Control>
      </Field>
      <Field Title="标题" Name="DispTitle">
        <ComputeField Expression="${Title}" />
      </Field>
      <Field Title="表单摘要" Name="SummaryInfo">
        <ComputeField Expression="通知标题：${Title}&#xD;&#xA;副标题：${SubTitle}&#xD;&#xA;公告有效期：${ValidityDate}&#xD;&#xA;创建人：${user::GetUserNameByID(CreateUser)}" />
      </Field>
      <Field Title="正文" Name="Content" LanguageType="System.String">
        <Column FullDataType="text" DataType="text" />
        <Control Type="richtextbox">
          <Config><![CDATA[{"mode":"simplehtml", "height":"360px"}]]></Config>
        </Control>
      </Field>
      <Field Title="重要性" Name="Priority" LanguageType="System.Int32">
        <Column FullDataType="int" DataType="int" />
        <Control Type="radioboxlist">
          <Config>
            <![CDATA[
            {
              "items":[
                {"value":"1","text":"低"},
                {"value":"2","text":"中"},
                {"value":"3","text":"高"}
              ],
              "value": ["2"]
            }
            ]]>
          </Config>
        </Control>
      </Field>
      <Field Title="显示形式" Name="ShowType" LanguageType="System.Int32">
        <Column FullDataType="int" DataType="int" />
        <Control Type="radioboxlist">
          <Config>
            <![CDATA[
            {
              "items":[
                {"value":"1","text":"公告栏公告"},
                {"value":"2","text":"弹出式公告"}
              ],
              "value": ["1"]
            }
            ]]>
          </Config>
        </Control>
      </Field>
      <Field Title="公告有效期" Name="ValidityDate" LanguageType="System.DateTime">
        <Column FullDataType="datetime" DataType="datetime" IsNullable="false" />
        <Control Type="datepicker">
          <Config>
            <![CDATA[
            {
              "editHMS": false,
              "validateRules": [["notblank", "", "请填写公告有效期！"]]
            }
            ]]>
          </Config>
        </Control>
      </Field>
      <Field Title="关键字" Name="Keywords" LanguageType="System.String">
        <Column FullDataType="nvarchar(2000)" DataType="nvarchar" MaxLength="2000" />
        <Control Type="textbox">
          <Config />
        </Control>
      </Field>
      <Field Title="发布时间" Name="PublishTime" LanguageType="System.DateTime">
        <Column FullDataType="datetime" DataType="datetime" />
        <Control Type="datepicker">
          <Config />
        </Control>
      </Field>
      <Field Title="作者" Name="PublishUser" LanguageType="System.String">
        <Column FullDataType="varchar(50)" DataType="varchar" MaxLength="50" />
        <Control Type="userselect">
          <Config><![CDATA[{"mode":"2","multi":false}]]></Config>
        </Control>
      </Field>
      <Field Title="可访问者" Name="DocTarget" LanguageType="System.String">
        <Column FullDataType="varchar(max)" DataType="varchar" MaxLength="-1" />
        <Control Type="userselect">
          <Config><![CDATA[{"mode":"1234","multi":true}]]></Config>
        </Control>
      </Field>
      <Field Title="访问次数" Name="ReadCount" LanguageType="System.Int32">
        <Column FullDataType="int" DataType="int" IsNullable="false" />
        <Control Type="textbox">
          <Config />
        </Control>
      </Field>
      <Field Title="排序值" Name="NoticeOrder" LanguageType="System.Double">
        <Column FullDataType="float" DataType="float" />
        <Control Type="textbox">
          <Config />
        </Control>
      </Field>
      <Field Title="阅读者" Name="DocReadUsers" LanguageType="System.String">
        <Column FullDataType="varchar(max)" DataType="varchar" MaxLength="-1" />
        <Control Type="userselect">
          <Config><![CDATA[{"mode":"12345","multi":true}]]></Config>
        </Control>
      </Field>
      <Field Title="内容类型" Name="TableName" LanguageType="System.String">
        <Column FullDataType="varchar(50)" DataType="varchar" MaxLength="50" />
        <Control Type="textbox">
          <Config />
        </Control>
      </Field>
      <Field Title="对象编号" Name="ObjID" LanguageType="System.Int32">
        <Column FullDataType="int" DataType="int" IsNullable="false" IsPrimaryKey="true" />
        <Control Type="textbox">
          <Config />
        </Control>
      </Field>
      <Field Title="对象GUID" Name="ObjGUID" LanguageType="System.Guid">
        <Column FullDataType="uniqueidentifier" DataType="uniqueidentifier" IsNullable="false" />
        <Control Type="textbox">
          <Config />
        </Control>
      </Field>
      <Field Title="创建时间" Name="CreateTime" LanguageType="System.DateTime">
        <Column FullDataType="datetime" DataType="datetime" />
        <Control Type="datepicker">
          <Config />
        </Control>
      </Field>
      <Field Title="创建人" Name="CreateUser" LanguageType="System.String">
        <Column FullDataType="varchar(50)" DataType="varchar" MaxLength="50" />
        <Control Type="userselect">
          <Config><![CDATA[{"mode":"2","multi":false}]]></Config>
        </Control>
      </Field>
      <Field Title="最后修改时间" Name="LastModifyTime" LanguageType="System.DateTime">
        <Column FullDataType="datetime" DataType="datetime" />
        <Control Type="datepicker">
          <Config />
        </Control>
      </Field>
      <Field Title="最后修改人" Name="LastModifyUser" LanguageType="System.String">
        <Column FullDataType="varchar(50)" DataType="varchar" MaxLength="50" />
        <Control Type="userselect">
          <Config><![CDATA[{"mode":"2","multi":false}]]></Config>
        </Control>
      </Field>
      <Field Title="修改标志" Name="Sign" LanguageType="System.String">
        <Column FullDataType="varchar(36)" DataType="varchar" MaxLength="36" />
        <Control Type="textbox">
          <Config />
        </Control>
      </Field>
      <Field Title="父对象编号" Name="ParentObjID" LanguageType="System.Int32">
        <Column FullDataType="int" DataType="int" />
        <Control Type="textbox">
          <Config />
        </Control>
      </Field>
      <Field Title="对象完整路径" Name="FullPath" LanguageType="System.String">
        <Column FullDataType="varchar(900)" DataType="varchar" MaxLength="900" />
        <Control Type="textbox">
          <Config />
        </Control>
      </Field>
      <Field Title="排序值" Name="OrderNum" LanguageType="System.Int32">
        <Column FullDataType="int" DataType="int" />
        <Control Type="textbox">
          <Config />
        </Control>
      </Field>
      <Field Title="完整排序路径" Name="FullOrderPath" LanguageType="System.String">
        <Column FullDataType="varchar(900)" DataType="varchar" MaxLength="900" />
        <Control Type="textbox">
          <Config />
        </Control>
      </Field>
      <Field Title="是否继承权限" Name="InheritePermission" LanguageType="System.Boolean">
        <Column FullDataType="bit" DataType="bit" IsNullable="false" />
        <Control Type="checkbox">
          <Config />
        </Control>
      </Field>
      <Field Title="状态" Name="WorkflowState" LanguageType="System.Int32">
        <Column FullDataType="int" DataType="int" IsNullable="false" />
        <Control Type="radioboxlist">
          <Config>
            <![CDATA[
              {"items":[
                {"value":"0","text":"草稿"},
                {"value":"1","text":"审批中"},
                {"value":"2","text":"已审批"}
              ]}
            ]]>
          </Config>
        </Control>
      </Field>
      <Field Title="版本" Name="Version" LanguageType="System.String">
        <Column FullDataType="varchar(50)" DataType="varchar" MaxLength="50" />
        <Control Type="textbox">
          <Config />
        </Control>
      </Field>
      <Field Title="流程定义编号" Name="ProcessDefinitionID" LanguageType="System.Guid">
        <Column FullDataType="uniqueidentifier" DataType="uniqueidentifier" />
        <Control Type="textbox">
          <Config />
        </Control>
      </Field>
      <Field Title="流程实例编号" Name="ProcessInstanceID" LanguageType="System.Guid">
        <Column FullDataType="uniqueidentifier" DataType="uniqueidentifier" />
        <Control Type="textbox">
          <Config />
        </Control>
      </Field>
    </Fields>
    <ListViews>
      <View Title="默认视图" ViewName="Default" Enabled="true" OrderBy="PublishTime DESC">
        <FieldSet>
          <FieldRef Name="Title" Display="true" ReadOnly="false" ColWidth="220" />
          <FieldRef Name="DispTitle" Display="true" ReadOnly="true" />
          <FieldRef Name="Title_ViewLink" Display="true" ReadOnly="false" ColWidth="220" />
          <FieldRef Name="PublishUser" Display="true" ReadOnly="true" />
          <FieldRef Name="PublishTime" Display="true" ReadOnly="false" />
          <FieldRef Name="LastModifyUser" Display="true" ReadOnly="false" />
          <FieldRef Name="LastModifyTime" Display="true" ReadOnly="false" />
          <FieldRef Name="WorkflowState" Display="true" ReadOnly="false" />
          <FieldRef Name="ReadCount" Display="true" ReadOnly="true" />
        </FieldSet>
      </View>
      <View Title="内容管理系统" ViewName="CMS" Enabled="true" OrderBy="PublishTime DESC">
        <FieldSet>
          <FieldRef Name="Title" Display="true" ReadOnly="true" />
          <FieldRef Name="DispTitle" Display="true" ReadOnly="true" />
          <FieldRef Name="PublishUser" Display="true" ReadOnly="true" />
          <FieldRef Name="PublishTime" Display="true" ReadOnly="false" />
          <FieldRef Name="CreateUser" Display="true" ReadOnly="true" />
          <FieldRef Name="CreateTime" Display="true" ReadOnly="true" />
          <FieldRef Name="LastModifyTime" Display="true" ReadOnly="true" />
          <FieldRef Name="ReadCount" Display="true" ReadOnly="false" />
          <FieldRef Name="ProcessDefinitionID" Display="true" ReadOnly="true" />
          <FieldRef Name="ProcessInstanceID" Display="true" ReadOnly="true" />
          <FieldRef Name="WorkflowState" Display="true" ReadOnly="true" />
        </FieldSet>
      </View>
      <View Title="门户" ViewName="Portal" Enabled="true" OrderBy="PublishTime DESC">
        <FieldSet>
          <FieldRef Name="Title" Display="true" ReadOnly="false" ColWidth="220" />
          <FieldRef Name="DispTitle" Display="true" ReadOnly="true" />
          <FieldRef Name="SubTitle" Display="false" ReadOnly="true" />
          <FieldRef Name="PublishUser" Display="true" ReadOnly="true" />
          <FieldRef Name="PublishTime" Display="true" ReadOnly="false" />
          <FieldRef Name="ProcessDefinitionID" Display="false" ReadOnly="true" />
          <FieldRef Name="ProcessInstanceID" Display="false" ReadOnly="true" />
          <FieldRef Name="ReadCount" Display="true" ReadOnly="true" />
          <FieldRef Name="Content" Display="true" ReadOnly="false" />
        </FieldSet>
      </View>
    </ListViews>
    <FormViews>
      <FormView Title="默认视图" ViewName="CMS">
        <FieldSet>
          <FieldContainer Text="公告编号" Required="true">
            <TextBox Name="SerialNumber" Readonly="true">
              <ValidateRules>
                <ValidateRule Type="notblank" ErrorMessage="公告编号不允许为空！" />
              </ValidateRules>
            </TextBox>
          </FieldContainer>
        </FieldSet>
        <FieldSet>
          <FieldContainer Text="标题" Required="true">
            <TextBox Name="Title">
              <ValidateRules>
                <ValidateRule Type="notblank" ErrorMessage="标题不允许为空！" />
              </ValidateRules>
            </TextBox>
          </FieldContainer>
        </FieldSet>
        <FieldSet RowFields="2">
          <FieldContainer Text="作者">
            <UserSelect Name="PublishUser" Readonly="false" />
          </FieldContainer>
          <FieldContainer Text="发布时间">
            <DatePicker Name="PublishTime" Readonly="false" />
          </FieldContainer>
        </FieldSet>
        <FieldSet>
          <FieldContainer Text="正文" Required="true">
            <RichTextBox Name="Content" Mode="simplehtml" Height="360px">
              <ValidateRules>
                <ValidateRule Type="notblank" ErrorMessage="请填写公告正文！" />
              </ValidateRules>
            </RichTextBox>
          </FieldContainer>
        </FieldSet>
        <FieldSet RowFields="2">
          <FieldContainer Text="显示形式" Required="true">
            <CheckBoxList Name="ShowType">
              <Value>
                <Array>
                  <String>1</String>
                </Array>
              </Value>
              <ValidateRules>
                <ValidateRule Type="notblank" ErrorMessage="请至少选择一种显示形式！" />
              </ValidateRules>
              <Items>
                <Item Value="1" Text="公告栏公告" />
                <Item Value="2" Text="弹出式公告" />
              </Items>
            </CheckBoxList>
          </FieldContainer>
          <FieldContainer Text="公告有效期" Required="true">
            <DatePicker Name="ValidityDate">
              <ValidateRules>
                <ValidateRule Type="notblank" ErrorMessage="公告有效期不能为空！" />
              </ValidateRules>
            </DatePicker>
          </FieldContainer>
        </FieldSet>
        <FieldSet RowFields="2">
          <FieldContainer Text="重要性">
            <RadioBoxList Name="Priority">
              <Value>
                <Array>
                  <String>2</String>
                </Array>
              </Value>
              <Items>
                <Item Text="低" Value="1" />
                <Item Text="中" Value="2" />
                <Item Text="高" Value="3" />
              </Items>
            </RadioBoxList>
          </FieldContainer>
          <FieldContainer Text="排序值">
            <TextBox Name="NoticeOrder" />
          </FieldContainer>
        </FieldSet>
        <FieldSet>
          <FieldContainer Text="关键字">
            <TextBox Name="Keywords" />
          </FieldContainer>
        </FieldSet>
        <!--<FieldSet>
          <FieldContainer Text="可访问者">
            <UserSelect Name="DocTarget" Mode="1234" Multi="true" />
          </FieldContainer>
        </FieldSet>-->
      </FormView>
      <FormView Title="只读视图" ViewName="ReadOnly">
        <FieldSet>
          <FieldContainer Text="公告编号" Required="true">
            <TextBox Name="SerialNumber" Readonly="true" />
          </FieldContainer>
        </FieldSet>
        <FieldSet>
          <FieldContainer Text="标题" Required="true">
            <TextBox Name="Title" Readonly="true" />
          </FieldContainer>
        </FieldSet>
        <FieldSet RowFields="2">
          <FieldContainer Text="作者">
            <UserSelect Name="PublishUser" Readonly="true" />
          </FieldContainer>
          <FieldContainer Text="发布时间">
            <DatePicker Name="PublishTime" Readonly="true" />
          </FieldContainer>
        </FieldSet>
        <FieldSet>
          <FieldContainer Text="正文" Required="true">
            <Literal Name="Content" Mode="0" />
          </FieldContainer>
        </FieldSet>
        <FieldSet RowFields="2">
          <FieldContainer Text="显示形式">
            <CheckBoxList Name="ShowType" Readonly="true">
              <Items>
                <Item Value="1" Text="公告栏公告" />
                <Item Value="2" Text="弹出式公告" />
              </Items>
            </CheckBoxList>
          </FieldContainer>
          <FieldContainer Text="公告有效期" Required="true">
            <DatePicker Name="ValidityDate" Readonly="true" />
          </FieldContainer>
        </FieldSet>
        <FieldSet RowFields="2">
          <FieldContainer Text="重要性">
            <RadioBoxList Name="Priority" Readonly="true">
              <Items>
                <Item Text="低" Value="1" />
                <Item Text="中" Value="2" />
                <Item Text="高" Value="3" />
              </Items>
            </RadioBoxList>
          </FieldContainer>
          <FieldContainer Text="排序值">
            <TextBox Name="NoticeOrder" Readonly="true" />
          </FieldContainer>
        </FieldSet>
        <FieldSet>
          <FieldContainer Text="关键字">
            <TextBox Name="Keywords" Readonly="true" />
          </FieldContainer>
        </FieldSet>
        <!--<FieldSet>
          <FieldContainer Text="可访问者">
            <UserSelect Name="DocTarget" Mode="1234" Multi="true" Readonly="true" />
          </FieldContainer>
        </FieldSet>-->
      </FormView>
    </FormViews>
  </ContentType>
</Config>