﻿<?xml version="1.0" encoding="utf-8"?>
<Config xmlns="http://indigox.net/ContentType">
  <ContentType Name="快捷方式" Table="Shutcut">
    <Fields>
      <Field Title="URL" Name="ShutcutUrl" LanguageType="System.String">
        <Column FullDataType="nvarchar(max)" DataType="nvarchar" MaxLength="-1" IsNullable="false" />
        <Control Type="textbox">
          <Config />
        </Control>
      </Field>
      <Field Title="对象编号" Name="ObjID" LanguageType="System.Int32">
        <Column FullDataType="int" DataType="int" IsNullable="false" IsPrimaryKey="true" />
        <Control Type="textbox">
          <Config />
        </Control>
      </Field>
      <Field Title="对象GUID" Name="ObjGUID" LanguageType="System.Guid">
        <Column FullDataType="uniqueidentifier" DataType="uniqueidentifier" IsNullable="false" />
        <Control Type="textbox">
          <Config />
        </Control>
      </Field>
      <Field Title="访问次数" Name="ReadCount" LanguageType="System.Int32">
        <Column FullDataType="int" DataType="int" IsNullable="false" />
        <Control Type="textbox">
          <Config />
        </Control>
      </Field>
      <Field Title="可阅读人" Name="DocReadUsers" LanguageType="System.String">
        <Column FullDataType="varchar(max)" DataType="varchar" MaxLength="-1" IsNullable="false" />
        <Control Type="userselect">
          <Config><![CDATA[{"mode":"12345","multi":true}]]></Config>
        </Control>
      </Field>
      <Field Title="创建人" Name="CreateUser" LanguageType="System.String">
        <Column FullDataType="varchar(50)" DataType="varchar" MaxLength="50" />
        <Control Type="userselect">
          <Config><![CDATA[{"mode":"2","multi":false}]]></Config>
        </Control>
      </Field>
      <Field Title="创建时间" Name="CreateTime" LanguageType="System.DateTime">
        <Column FullDataType="datetime" DataType="datetime" />
        <Control Type="datepicker">
          <Config />
        </Control>
      </Field>
      <Field Title="最后修改时间" Name="LastModifyTime" LanguageType="System.DateTime">
        <Column FullDataType="datetime" DataType="datetime" />
        <Control Type="datepicker">
          <Config />
        </Control>
      </Field>
      <Field Title="最后修改人" Name="LastModifyUser" LanguageType="System.String">
        <Column FullDataType="varchar(50)" DataType="varchar" MaxLength="50" />
        <Control Type="userselect">
          <Config><![CDATA[{"mode":"2","multi":false}]]></Config>
        </Control>
      </Field>
      <Field Title="修改标志" Name="Sign" LanguageType="System.String">
        <Column FullDataType="varchar(36)" DataType="varchar" MaxLength="36" />
        <Control Type="textbox">
          <Config />
        </Control>
      </Field>
      <Field Title="父对象编号" Name="ParentObjID" LanguageType="System.Int32">
        <Column FullDataType="int" DataType="int" />
        <Control Type="textbox">
          <Config />
        </Control>
      </Field>
      <Field Title="对象完整路径" Name="FullPath" LanguageType="System.String">
        <Column FullDataType="varchar(900)" DataType="varchar" MaxLength="900" />
        <Control Type="textbox">
          <Config />
        </Control>
      </Field>
      <Field Title="排序值" Name="OrderNum" LanguageType="System.Int32">
        <Column FullDataType="int" DataType="int" />
        <Control Type="textbox">
          <Config />
        </Control>
      </Field>
      <Field Title="完整排序路径" Name="FullOrderPath" LanguageType="System.String">
        <Column FullDataType="varchar(900)" DataType="varchar" MaxLength="900" />
        <Control Type="textbox">
          <Config />
        </Control>
      </Field>
      <Field Title="是否继承权限" Name="InheritePermission" LanguageType="System.Boolean">
        <Column FullDataType="bit" DataType="bit" IsNullable="false" />
        <Control Type="checkbox">
          <Config />
        </Control>
      </Field>
      <Field Title="状态" Name="WorkflowState" LanguageType="System.Int32">
        <Column FullDataType="int" DataType="int" IsNullable="false" />
        <Control Type="textbox">
          <Config />
        </Control>
      </Field>
      <Field Title="标题" Name="Title" LanguageType="System.String">
        <Column FullDataType="nvarchar(1000)" DataType="nvarchar" MaxLength="1000" />
        <Control Type="textbox">
          <Config />
        </Control>
      </Field>
      <Field Title="标题" Name="DispTitle">
        <ComputeField Expression="${Title}" />
      </Field>
      <Field Title="表单摘要" Name="SummaryInfo">
        <ComputeField Expression="创建时间：${CreateTime}&#xD;&#xA;创建人：${user::GetUserNameByID(CreateUser)}" />
      </Field>
      <Field Title="对象名称" Name="Name" LanguageType="System.String">
        <Column FullDataType="nvarchar(1000)" DataType="nvarchar" MaxLength="1000" />
        <Control Type="textbox">
          <Config />
        </Control>
      </Field>
      <Field Title="内容类型" Name="TableName" LanguageType="System.String">
        <Column FullDataType="nvarchar(100)" DataType="nvarchar" MaxLength="100" />
        <Control Type="textbox">
          <Config />
        </Control>
      </Field>
      <Field Title="版本" Name="Version" LanguageType="System.String">
        <Column FullDataType="nvarchar(100)" DataType="nvarchar" MaxLength="100" />
        <Control Type="textbox">
          <Config />
        </Control>
      </Field>
      <Field Title="流程实例编号" Name="ProcessInstanceID" LanguageType="System.Guid">
        <Column FullDataType="uniqueidentifier" DataType="uniqueidentifier" />
        <Control Type="textbox">
          <Config />
        </Control>
      </Field>
      <Field Title="流程定义编号" Name="ProcessDefinitionID" LanguageType="System.Guid">
        <Column FullDataType="uniqueidentifier" DataType="uniqueidentifier" />
        <Control Type="textbox">
          <Config />
        </Control>
      </Field>
    </Fields>
    <ListViews>
      <View Title="内容管理系统" ViewName="CMS" Enabled="true" OrderBy="CreateTime DESC">
        <FieldSet>
          <FieldRef Name="Title" Display="true" ReadOnly="true" />
          <FieldRef Name="DispTitle" Display="true" ReadOnly="true" />
          <FieldRef Name="LastModifyTime" Display="true" ReadOnly="true" />
          <FieldRef Name="CreateUser" Display="true" ReadOnly="true" />
          <FieldRef Name="CreateTime" Display="true" ReadOnly="true" />
          <FieldRef Name="PublishUser" Display="true" ReadOnly="true" />
          <FieldRef Name="PublishTime" Display="true" ReadOnly="false" />
          <FieldRef Name="ReadCount" Display="true" ReadOnly="false" />
          <FieldRef Name="ProcessDefinitionID" Display="true" ReadOnly="true" />
          <FieldRef Name="ProcessInstanceID" Display="true" ReadOnly="true" />
          <FieldRef Name="WorkflowState" Display="true" ReadOnly="true" />
        </FieldSet>
      </View>
    </ListViews>
    <FormViews>
      <FormView Title="默认视图" ViewName="CMS" >

        <FieldSet RowFields="1">
          <FieldContainer Text="标题" Required="true">
            <TextBox Name="Title" Readonly="false" >
              <ValidateRules>
                <ValidateRule Type="notblank" ErrorMessage="请填写标题！" />
              </ValidateRules>
            </TextBox>
          </FieldContainer>
        </FieldSet>
        
        <FieldSet RowFields="1">
          <FieldContainer Text="URL" Required="true">
            <TextBox Name="ShutcutUrl" Readonly="false" >
              <ValidateRules>
                <ValidateRule Type="notblank" ErrorMessage="请填写URL！" />
              </ValidateRules>
            </TextBox>
          </FieldContainer>
        </FieldSet>

        <FieldSet RowFields="1">
          <FieldContainer Text="排序值" Required="true">
            <TextBox Name="OrderNum" Readonly="false" >
              <ValidateRules>
                <ValidateRule Type="notblank" ErrorMessage="请填写排序值！" />
              </ValidateRules>
            </TextBox>
          </FieldContainer>
        </FieldSet>

      </FormView>

      <FormView Title="只读视图" ViewName="ReadOnly" >
        
        <FieldSet RowFields="1">
          <FieldContainer Text="标题" Required="true">
            <TextBox Name="Title" Readonly="true" />
          </FieldContainer>
        </FieldSet>

        <FieldSet RowFields="1">
          <FieldContainer Text="URL" Required="true">
            <TextBox Name="ShutcutUrl" Readonly="true" />
          </FieldContainer>
        </FieldSet>

        <FieldSet RowFields="1">
          <FieldContainer Text="排序值" Required="true">
            <TextBox Name="OrderNum" Readonly="true" />
          </FieldContainer>
        </FieldSet>

      </FormView>
    </FormViews>
  </ContentType>
</Config>