﻿<?xml version="1.0" encoding="utf-8" ?>
<zones>
  <page url="/Navigation/List.htm" deviceType="pc">
    <zone name="HeadZone">
      <widget name="NavMenuWidget" />
    </zone>
    <zone name="BarZone">
    </zone>
    <zone name="NavZone">
    </zone>
    <zone name="SideZone">
      <widget name="SettingUserMenuWidget" />
    </zone>
    <zone name="WorkZone">
      <widget name="NavigationListToolBarWidget" />
      <widget name="NavigationWidget"/>
      <widget name="NavigationListWidget"/>
    </zone>
    <zone name="FloatZone">
    </zone>
    <zone name="FooterZone">
      <widget name="FooterWidget" />
    </zone>
  </page>

  <page url="/NavigationNode/Edit.htm" deviceType="pc">
    <zone name="HeadZone">
      <widget name="NavMenuWidget" />
    </zone>
    <zone name="BarZone">
    </zone>
    <zone name="NavZone">
    </zone>
    <zone name="SideZone">
      <widget name="SettingUserMenuWidget" />
    </zone>
    <zone name="WorkZone">
      <widget name="NavigationNodeEditWidget" />
      <widget name="NavigationNodeEditToolBarWidget" />
    </zone>
    <zone name="FloatZone">
    </zone>
    <zone name="FooterZone">
      <widget name="FooterWidget" />
    </zone>
  </page>

  <page url="/Navigation/Create.htm" deviceType="pc">
    <zone name="HeadZone">
      <widget name="NavMenuWidget" />
    </zone>
    <zone name="BarZone">
    </zone>
    <zone name="NavZone">
    </zone>
    <zone name="SideZone">
      <widget name="SettingUserMenuWidget" />
    </zone>
    <zone name="WorkZone">
      <widget name="NavigationEditWidget" />
      <widget name="NavigationEditToolBarWidget" />
    </zone>
    <zone name="FloatZone">
    </zone>
    <zone name="FooterZone">
      <widget name="FooterWidget" />
    </zone>
  </page>


  <page url="/Settings/Navigation/Select.htm" deviceType="pc">
    <zone name="SelectionZone">
      <widget name="NavigationSelectWidget" />
    </zone>
  </page>

  <page url="/Setting/List.htm" deviceType="pc">
    <zone name="HeadZone">
      <widget name="NavMenuWidget" />
    </zone>
    <zone name="BarZone">
    </zone>
    <zone name="NavZone">
    </zone>
    <zone name="SideZone">
      <widget name="SettingUserMenuWidget" />
    </zone>
    <zone name="WorkZone">
      <widget name="SettingCategoryWidget" />
      <widget name="SettingListWidget" />
    </zone>
    <zone name="FloatZone">
    </zone>
    <zone name="FooterZone">
      <widget name="FooterWidget" />
    </zone>
  </page>

  <page url="/Settings/Database/Setting.htm" deviceType="pc">
    <zone name="WorkZone">
      <widget name="DatabaseSettingWidget"></widget>
    </zone>
  </page>
</zones>