﻿<?xml version="1.0" encoding="utf-8" ?>
<widgets>
  <widget name="NavigationListWidget" url="/Settings/Widgets/Navigation/ListWidget.htm">
    <resources>
      <resource url="/Settings/Widgets/Navigation/ListWidget" />
    </resources>
  </widget>
  <widget name="NavigationWidget" url="/Settings/Widgets/Navigation/NavigationWidget.htm">
    <resources>
      <resource url="/Settings/Widgets/Navigation/NavigationWidget" />
    </resources>
  </widget>
  <widget name="NavigationEditWidget" url="/Settings/Widgets/Navigation/EditWidget.htm">
    <resources>
      <resource url="/Settings/Widgets/Navigation/EditWidget" />
    </resources>
  </widget>
  <widget name="NavigationEditToolBarWidget" url="/Settings/Widgets/Toolbar/ToolbarWidget.htm">
    <resources>
      <resource url="/Settings/Widgets/Navigation/EditToolBarWidget" />
    </resources>
  </widget>
  <widget name="NavigationNodeEditWidget" url="/Settings/Widgets/Navigation/NodeEditWidget.htm">
    <resources>
      <resource url="/Settings/Widgets/Navigation/NodeEditWidget" />
    </resources>
  </widget>  
  <widget name="NavigationNodeEditToolBarWidget" url="/Settings/Widgets/Toolbar/ToolbarWidget.htm">
    <resources>
      <resource url="/Settings/Widgets/Navigation/NodeEditToolBarWidget" />
    </resources>
  </widget>
  <widget name="NavigationListToolBarWidget" url="/Settings/Widgets/Toolbar/ToolbarWidget.htm">
    <resources>
      <resource url="/Settings/Widgets/Navigation/ListToolBarWidget" />
    </resources>
  </widget>
  <widget name="NavigationSelectWidget" url="/Settings/Widgets/Navigation/SelectTreeWidget.htm">
    <resources>
      <resource url="/Settings/Widgets/Navigation/SelectTreeWidget" />
    </resources>
  </widget>
  <widget name="SettingListWidget" url="/Settings/Widgets/Settings/ListWidget.htm">
    <resources>
      <resource url="/Settings/Widgets/Settings/ListWidget" />
    </resources>
  </widget>
  <widget name="SettingCategoryWidget" url="/Settings/Widgets/Settings/CategoryWidget.htm">
    <resources>
      <resource url="/Settings/Widgets/Settings/CategoryWidget" />
    </resources>
  </widget>
  <widget name="SettingUserMenuWidget" url="/Settings/Widgets/Common/UserMenuWidget.htm">
    <resources>
      <resource url="/Settings/Widgets/Common/UserMenuWidget" />
    </resources>
  </widget>
  <widget name="DatabaseSettingWidget" url="/Settings/Widgets/Database/SettingWidget.htm">
    <resources>
      <resource url="/Settings/Widgets/Database/SettingWidget" />
    </resources>
  </widget>
  
</widgets>