﻿<?xml version="1.0" encoding="utf-8" ?>
<events>
  <event name="Applicant" listener="Indigox.CMS.Publish.Events.CurrentUserFieldEventListener, Indigox.CMS.Publish" />
  <event name="Department" listener="Indigox.CMS.Publish.Events.CurrentUserOrgFieldEventListener, Indigox.CMS.Publish" />
  <!--<event name="DocTarget" listener="Indigox.CMS.Publish.Events.DocTargetFieldEventListener, Indigox.CMS.Publish" />-->
  <event name="PublishOrg" listener="Indigox.CMS.Publish.Events.CurrentUserOrgFieldEventListener, Indigox.CMS.Publish" />
  <event name="PublishTime" listener="Indigox.CMS.Publish.Events.DateTimeNowFieldEventListener, Indigox.CMS.Publish" />
  <event name="PublishUser" listener="Indigox.CMS.Publish.Events.CurrentUserFieldEventListener, Indigox.CMS.Publish" />
  <event name="Registrant" listener="Indigox.CMS.Publish.Events.CurrentUserFieldEventListener, Indigox.CMS.Publish" />
  <event name="SerialNumber" listener="Indigox.CMS.Publish.Events.SerialNumberFieldEventListener, Indigox.CMS.Publish" />
  <event name="TravelPeople" listener="Indigox.CMS.Publish.Events.CurrentUserFieldEventListener, Indigox.CMS.Publish" />
</events>