﻿<?xml version="1.0" encoding="utf-8"?>
<widgets>
  <widget name="EditPermissionWidget" url="/CMS/Widgets/Permission/EditWidget.htm">
    <resources>
      <resource url="/CMS/Widgets/Permission/EditWidget" />
    </resources>
  </widget>
  <widget name="ContentPermissionListWidget" url="/CMS/Widgets/Permission/ListWidget.htm">
    <resources>
      <resource url="/CMS/Widgets/Permission/ListWidget" />
    </resources>
  </widget>
  <widget name="PermissionToolbarWidget" url="/CMS/Widgets/Toolbar/ToolbarWidget.htm">
    <resources>
      <resource url="/CMS/Widgets/Permission/ToolbarWidget" />
    </resources>
  </widget>

  <widget name="FolderTreeWidget" url="/CMS/Widgets/Folder/TreeWidget.htm">
    <resources>
      <resource url="/CMS/Widgets/Folder/TreeWidget" />
    </resources>
  </widget>
  <widget name="FolderCreateWidget" url="/CMS/Widgets/Folder/CreateWidget.htm">
    <resources>
      <resource url="/CMS/Widgets/Folder/CreateWidget" />
    </resources>
  </widget>
  <widget name="FolderEditWidget" url="/CMS/Widgets/Folder/EditWidget.htm">
    <resources>
      <resource url="/CMS/Widgets/Folder/EditWidget" />
    </resources>
  </widget>

  <widget name="ObjectListWidget" url="/CMS/Widgets/Content/ListWidget.htm">
    <resources>
      <resource url="/CMS/Widgets/Content/ListWidget" />
    </resources>
  </widget>
  <widget name="ContentListToolBarWidget" url="/CMS/Widgets/Toolbar/ToolbarWidget.htm">
    <resources>
      <resource url="/CMS/Widgets/Content/ListToolBarWidget" />
    </resources>
  </widget>
  <widget name="ContentPreviewWidget" url="/CMS/Widgets/Content/EditWidget.htm">
    <resources>
      <resource url="/CMS/Widgets/Content/PreviewWidget" />
    </resources>
  </widget>
  <widget name="ContentViewWidget" url="/CMS/Widgets/Content/ViewWidget.htm">
    <resources>
      <resource url="/CMS/Widgets/Content/ViewWidget" />
    </resources>
  </widget>
  <widget name="ViewToolBarWidget" url="/CMS/Widgets/Toolbar/ToolbarWidget.htm">
    <resources>
      <resource url="/CMS/Widgets/Content/ViewToolBarWidget" />
    </resources>
  </widget>
  <widget name="ContentEditWidget" url="/CMS/Widgets/Content/EditWidget.htm">
    <resources>
      <resource url="/CMS/Widgets/Content/EditWidget" />
    </resources>
  </widget>
  <widget name="ContentCreateDialogWidget" url="/CMS/Widgets/Content/EditDialogWidget.htm">
    <resources>
      <resource url="/CMS/Widgets/Content/EditWidget" />
      <resource url="/CMS/Widgets/Content/CreateToolBarWidget" />
    </resources>
  </widget>
  <widget name="ContentEditDialogWidget" url="/CMS/Widgets/Content/EditDialogWidget.htm">
    <resources>
      <resource url="/CMS/Widgets/Content/EditWidget" />
      <resource url="/CMS/Widgets/Content/EditToolBarWidget" />
    </resources>
  </widget>
  <widget name="CreateToolBarWidget" url="/CMS/Widgets/Toolbar/ToolbarWidget.htm">
    <resources>
      <resource url="/CMS/Widgets/Content/CreateToolBarWidget" />
    </resources>
  </widget>
  <widget name="EditToolBarWidget" url="/CMS/Widgets/Toolbar/ToolbarWidget.htm">
    <resources>
      <resource url="/CMS/Widgets/Content/EditToolBarWidget" />
    </resources>
  </widget>

  <widget name="ObjectSelectListWidget" url="/CMS/Widgets/Content/SelectListWidget.htm">
    <resources>
      <resource url="/CMS/Widgets/Content/SelectListWidget" />
    </resources>
  </widget>
  <widget name="ObjectSelectTreeWidget" url="/CMS/Widgets/Content/SelectTreeWidget.htm">
    <resources>
      <resource url="/CMS/Widgets/Content/SelectTreeWidget" />
    </resources>
  </widget>

  <widget name="ParticipantEditWidget" url="/CMS/Widgets/Participant/EditWidget.htm">
    <resources>
      <resource url="/CMS/Widgets/Participant/EditWidget" />
    </resources>
  </widget>

  <!-- Authority列表Widget -->
  <widget name="AuthorityListWidget" url="/CMS/Widgets/Authority/ListWidget.htm">
    <resources>
      <resource url="/CMS/Widgets/Authority/ListWidget" />
    </resources>
  </widget>
  <!-- Authority编辑Widget -->
  <widget name="AuthorityEditWidget" url="/CMS/Widgets/Authority/EditWidget.htm">
    <resources>
      <resource url="/CMS/Widgets/Authority/EditWidget" />
    </resources>
  </widget>

  <!-- 阅读记录widget -->
  <widget name="ReadRecordWidget" url="/CMS/Widgets/Content/ReadRecordWidget.htm">
    <resources>
      <resource url="/CMS/Widgets/Content/ReadRecordWidget" />
    </resources>
  </widget>

  <!-- 推荐widget -->
  <widget name="CMSRecommendListWidget" url="/CMS/Widgets/Recommend/ListWidget.htm">
    <resources>
      <resource url="/CMS/Widgets/Recommend/ListWidget" />
    </resources>
  </widget>
  <widget name="CMSRecommendWidget" url="/CMS/Widgets/Recommend/CreateWidget.htm">
    <resources>
      <resource url="/CMS/Widgets/Recommend/CreateWidget" />
    </resources>
  </widget>

</widgets>