﻿<?xml version="1.0" encoding="utf-8"?>
<zones>
  <page url="/CMS/index.htm" deviceType="pc">
    <zone name="HeadZone">
      <widget name="NavMenuWidget" />
    </zone>
    <zone name="SideZone">
      <widget name="FolderTreeWidget" />
    </zone>
    <zone name="WorkZone">
      <widget name="ContentListToolBarWidget" />
      <widget name="ObjectListWidget" />
      <widget name="FolderCreateWidget" />
      <widget name="FolderEditWidget" />
    </zone>
    <zone name="FloatZone">
    </zone>
    <zone name="FooterZone">
      <widget name="FooterWidget" />
    </zone>
  </page>

  <page url="/Admin/Permission/List.htm" deviceType="pc">
    <zone name="HeadZone">
      <widget name="NavMenuWidget" />
    </zone>
    <zone name="BarZone">
    </zone>
    <zone name="NavZone">
    </zone>
    <zone name="SideZone">
      <!--<widget name="AdminMainMenuWidget" />-->
    </zone>
    <zone name="WorkZone">
      <widget name="PermissionToolbarWidget" />
      <widget name="ContentPermissionListWidget" />
    </zone>
    <zone name="FloatZone">
      <widget name="EditPermissionWidget" />
    </zone>
    <zone name="FooterZone">
      <widget name="FooterWidget" />
    </zone>
  </page>

  <!-- @deprecated please use /CMS/Content/ListSelection.htm -->
  <page url="/CMS/Content/Select.htm" deviceType="pc">
    <zone name="SelectionZone">
      <widget name="ObjectSelectListWidget" />
    </zone>
  </page>

  <page url="/CMS/Content/ListSelection.htm" deviceType="pc">
    <zone name="SelectionZone">
      <widget name="ObjectSelectListWidget" />
    </zone>
  </page>
  <page url="/CMS/Content/TreeSelection.htm" deviceType="pc">
    <zone name="SelectionZone">
      <widget name="ObjectSelectTreeWidget" />
    </zone>
  </page>

  <page url="/Content/List.htm" deviceType="pc">
    <zone name="HeadZone">
      <widget name="NavMenuWidget" />
    </zone>
    <zone name="SideZone">
      <widget name="FolderTreeWidget" />
    </zone>
    <zone name="WorkZone">
      <widget name="ContentListToolBarWidget" />
      <widget name="ObjectListWidget" />
    </zone>
    <zone name="FloatZone">
      <widget name="FolderCreateWidget" />
      <widget name="FolderEditWidget" />
      <!--<widget name="ContentCreateDialogWidget" />-->
    </zone>
    <zone name="FooterZone">
      <widget name="FooterWidget" />
    </zone>
  </page>

  <page url="/Content/Create.htm" deviceType="pc">
    <zone name="HeadZone">
      <widget name="NavMenuWidget" />
    </zone>
    <zone name="SideZone">
      <widget name="FolderTreeWidget" />
    </zone>
    <zone name="WorkZone">
      <widget name="CreateToolBarWidget" />
      <widget name="ContentEditWidget" />
    </zone>
    <zone name="FloatZone">
    </zone>
    <zone name="FooterZone">
      <widget name="FooterWidget" />
    </zone>
  </page>

  <page url="/Content/Edit.htm" deviceType="pc">
    <zone name="HeadZone">
      <widget name="NavMenuWidget" />
    </zone>
    <zone name="SideZone">
      <widget name="FolderTreeWidget" />
    </zone>
    <zone name="WorkZone">
      <widget name="EditToolBarWidget" />
      <widget name="ContentEditWidget" />
      <widget name="ReadRecordWidget" />
    </zone>
    <zone name="FloatZone">      
    </zone>
    <zone name="FooterZone">
      <widget name="FooterWidget" />
    </zone>
  </page>

  <page url="/Content/View.htm" deviceType="pc">
    <zone name="HeadZone">
      <widget name="NavMenuWidget" />
    </zone>
    <zone name="SideZone">
      <widget name="FolderTreeWidget" />
    </zone>
    <zone name="WorkZone">
      <widget name="ViewToolBarWidget" />
      <widget name="ContentViewWidget" />
      <widget name="ReadRecordWidget" />
    </zone>
    <zone name="FloatZone">
      <!--<widget name="ContentEditDialogWidget" />-->
    </zone>
    <zone name="FooterZone">
      <widget name="FooterWidget" />
    </zone>
  </page>

  <page url="/Permission/List.htm" deviceType="pc">
    <zone name="HeadZone">
      <widget name="NavMenuWidget" />
    </zone>
    <zone name="SideZone">
    </zone>
    <zone name="WorkZone">
      <widget name="PermissionToolbarWidget" />
      <widget name="ContentPermissionListWidget" />
    </zone>
    <zone name="FloatZone">
      <widget name="EditPermissionWidget" />
    </zone>
    <zone name="FooterZone">
      <widget name="FooterWidget" />
    </zone>
  </page>
</zones>