﻿<?xml version="1.0" encoding="utf-8"?>
<zones>
  <page url="/Task/List.htm" deviceType="mobile">
    <zone name="HeadZone">
      <widget name="NavActionWidget" />
      <widget name="MobileTaskNavMenuWidget" />
      <widget name="NavMenuWidget_mobi" />
    </zone>
    <zone name="WorkZone">
      <widget name="TaskListWidget_mobi" />
    </zone>
    <zone name="FloatZone">
    </zone>
    <zone name="ActionbarZone">
      <widget name="MobileSettingbarWidget" />
    </zone>
  </page>
</zones>