﻿<?xml version="1.0" encoding="utf-8"?>
<zones>
  <page url="/Task/List.htm" deviceType="pc">
    <zone name="HeadZone">
      <widget name="NavMenuWidget" />
    </zone>
    <zone name="BarZone">
    </zone>
    <zone name="NavZone">
    </zone>
    <zone name="SideZone">
      <widget name="UserMainMenuWidget" />
    </zone>
    <zone name="ToolBarZone">
    </zone>
    <zone name="WorkZone">
      <widget name="TaskListWidget" />
    </zone>
    <zone name="FloatZone">
    </zone>
    <zone name="FooterZone">
      <widget name="FooterWidget" />
    </zone>
  </page>
</zones>