﻿<?xml version="1.0" encoding="utf-8"?>
<widgets>
  <!-- 任务列表widget -->
  <widget name="TaskListWidget" title="任务列表" url="/BPM/Widgets/Task/TaskListWidget.htm">
    <resources>
      <resource url="/BPM/Widgets/Task/TaskListWidget" />
    </resources>
    <params>
      <param name="limit" value="15" />
    </params>
  </widget>
  <widget name="MobileTaskNavMenuWidget" url="/BPM/Widgets/Task/MobileTaskNavMenuWidget.htm">
    <resources>
      <resource url="/BPM/Widgets/Task/MobileTaskNavMenuWidget" />
    </resources>
  </widget>
</widgets>