﻿<?xml version="1.0" encoding="utf-8"?>
<zones>
  <page url="/Task/List.htm" deviceType="tablet">
    <!--<zone name="TitlebarZone">
      <widget name="CommonBackButtonWidget"/>
      <widget name="ApplicationInfoWidget"/>
      <widget name="UserInfoWidget"/>
    </zone>-->
    <zone name="HeadZone">
      <widget name="UserInfoWidget"/>
      <widget name="NavMenuWidget" />
      <widget name="MobileSettingbarWidget" />
    </zone>
    <zone name="ListZone">
      <widget name="MobileTaskNavMenuWidget" />
      <widget name="TaskListWidget_pad" />
    </zone>
    <zone name="ActionbarZone">
    </zone>
    <zone name="WorkNavZone">
    </zone>
    <zone name="DetailZone">
    </zone>
    <zone name="FloatZone">
    </zone>
  </page>
</zones>