﻿<?xml version="1.0" encoding="utf-8"?>
<widgets>
  <!-- 任务列表widget -->
  <widget name="TaskListWidget_pad" title="任务列表" url="/BPM/Widgets/Task/TaskListWidget.htm.pad">
    <resources>
      <resource url="/BPM/Widgets/Task/TaskListWidget" />
    </resources>
    <params>
      <param name="limit" value="15" />
    </params>
  </widget>
  <widget name="IndexTaskListWidget" title="首页待办待阅列表" url="/BPM/Widgets/Task/IndexTaskListWidget.htm.pad">
    <resources>
      <resource url="/BPM/Widgets/Task/IndexTaskListWidget" />
    </resources>
  </widget>
</widgets>