﻿<?xml version="1.0" encoding="utf-8" ?>
<hibernate-configuration  xmlns="urn:nhibernate-configuration-2.2" >
  <session-factory name="NHibernateTest">
    <property name="connection.driver_class">NHibernate.Driver.SqlClientDriver</property>
    <property name="adonet.batch_size">10</property>
    <property name="show_sql">true</property>
    <property name="dialect">NHibernate.Dialect.MsSql2005Dialect</property>
    <property name="command_timeout">60</property>
    <property name="hbm2ddl.auto">validate</property>
    <property name="query.substitutions">true 1, false 0, yes 'Y', no 'N'</property>
    <property name="current_session_context_class">web</property>

    <mapping assembly="Indigox.Settings.NHibernateImpl"/>

  </session-factory>
</hibernate-configuration>